{"jailbreakbench": {"string": 0.0, "safe": 0.09}, "harmbench_test": {"string": 0.018867924528301886, "harm": 0.779874213836478}, "strongreject": {"string": 0.0, "safe": 0.25333333333333335}}