{"jailbreakbench": {"string": [0.36, 0.31, 0.22, 0.19, 0.17, 0.13, 0.07], "safe": [0.65, 0.61, 0.6, 0.56, 0.49, 0.47, 0.29]}, "harmbench_test": {"string": [0.34591194968553457, 0.27044025157232704, 0.22641509433962265, 0.20754716981132076, 0.20125786163522014, 0.16981132075471697, 0.10062893081761007], "harm": [0.3333333333333333, 0.3522012578616352, 0.3836477987421384, 0.389937106918239, 0.3836477987421384, 0.4025157232704403, 0.5471698113207547]}, "strongreject": {"string": [0.17333333333333334, 0.13333333333333333, 0.08666666666666667, 0.08666666666666667, 0.09333333333333334, 0.07333333333333333, 0.04666666666666667], "safe": [0.7866666666666666, 0.76, 0.72, 0.7133333333333334, 0.68, 0.6533333333333333, 0.5333333333333333]}}