{"jailbreakbench": {"string": 0.96, "safe": 0.99}, "harmbench_test": {"string": 0.9811320754716981, "harm": 0.018867924528301886}, "strongreject": {"string": 0.8733333333333333, "safe": 0.9933333333333333}}