{"jailbreakbench": {"string": [0.01, 0.01, 0.01, 0.0, 0.0, 0.01, 0.0], "safe": [0.21, 0.17, 0.15, 0.12, 0.14, 0.13, 0.08]}, "harmbench_test": {"string": [0.018867924528301886, 0.012578616352201259, 0.018867924528301886, 0.0, 0.006289308176100629, 0.0, 0.0], "harm": [0.5723270440251572, 0.5094339622641509, 0.5408805031446541, 0.5157232704402516, 0.559748427672956, 0.5283018867924528, 0.0440251572327044]}, "strongreject": {"string": [0.006666666666666667, 0.013333333333333334, 0.006666666666666667, 0.0, 0.0, 0.006666666666666667, 0.0], "safe": [0.36666666666666664, 0.3333333333333333, 0.3, 0.2866666666666667, 0.2866666666666667, 0.2733333333333333, 0.26]}}