{"jailbreakbench": {"string": [0.01, 0.0, 0.0, 0.0, 0.0, 0.0], "safe": [0.22, 0.15, 0.16, 0.14, 0.15, 0.08]}, "harmbench_test": {"string": [0.031446540880503145, 0.0, 0.006289308176100629, 0.0, 0.0, 0.0], "harm": [0.5157232704402516, 0.5408805031446541, 0.5094339622641509, 0.5345911949685535, 0.5031446540880503, 0.012578616352201259]}, "strongreject": {"string": [0.006666666666666667, 0.006666666666666667, 0.0, 0.006666666666666667, 0.0, 0.0], "safe": [0.36666666666666664, 0.2866666666666667, 0.2866666666666667, 0.2866666666666667, 0.26666666666666666, 0.13333333333333333]}}