{"jailbreakbench": {"string": [0.28, 0.2, 0.15, 0.13, 0.09, 0.01], "safe": [0.62, 0.58, 0.55, 0.53, 0.48, 0.28]}, "harmbench_test": {"string": [0.2893081761006289, 0.20754716981132076, 0.16352201257861634, 0.14465408805031446, 0.11949685534591195, 0.006289308176100629], "harm": [0.3270440251572327, 0.37735849056603776, 0.41509433962264153, 0.4088050314465409, 0.48427672955974843, 0.5220125786163522]}, "strongreject": {"string": [0.16, 0.05333333333333334, 0.06, 0.05333333333333334, 0.06, 0.0], "safe": [0.82, 0.7133333333333334, 0.68, 0.6533333333333333, 0.66, 0.5]}}