{"jailbreakbench": {"string": [0.19, 0.16, 0.15, 0.15, 0.16, 0.17], "safe": [0.32, 0.29, 0.25, 0.26, 0.26, 0.34]}, "harmbench_test": {"string": [0.2138364779874214, 0.18238993710691823, 0.18867924528301888, 0.16352201257861634, 0.16981132075471697, 0.1949685534591195], "harm": [0.5157232704402516, 0.5849056603773585, 0.5534591194968553, 0.6037735849056604, 0.5534591194968553, 0.5408805031446541]}, "strongreject": {"string": [0.20666666666666667, 0.23333333333333334, 0.24, 0.22, 0.21333333333333335, 0.22666666666666666], "safe": [0.4266666666666667, 0.4533333333333333, 0.46, 0.44666666666666666, 0.47333333333333333, 0.5466666666666666]}}