{"jailbreakbench": {"string": [0.0, 0.0, 0.0, 0.0, 0.0, 0.0], "safe": [0.14, 0.16, 0.1, 0.09, 0.11, 0.09]}, "harmbench_test": {"string": [0.0, 0.0, 0.006289308176100629, 0.0, 0.0, 0.0], "harm": [0.6415094339622641, 0.6352201257861635, 0.6415094339622641, 0.6226415094339622, 0.6415094339622641, 0.4339622641509434]}, "strongreject": {"string": [0.006666666666666667, 0.006666666666666667, 0.0, 0.0, 0.0, 0.0], "safe": [0.23333333333333334, 0.24666666666666667, 0.21333333333333335, 0.20666666666666667, 0.22666666666666666, 0.18666666666666668]}}