{"jailbreakbench": {"string": [0.41, 0.37, 0.3, 0.31, 0.25, 0.25], "safe": [0.56, 0.48, 0.5, 0.53, 0.45, 0.43]}, "harmbench_test": {"string": [0.2641509433962264, 0.2578616352201258, 0.23270440251572327, 0.23270440251572327, 0.20754716981132076, 0.20754716981132076], "harm": [0.3710691823899371, 0.389937106918239, 0.3836477987421384, 0.3836477987421384, 0.39622641509433965, 0.4025157232704403]}, "strongreject": {"string": [0.15333333333333332, 0.15333333333333332, 0.13333333333333333, 0.12666666666666668, 0.12666666666666668, 0.12666666666666668], "safe": [0.52, 0.49333333333333335, 0.5133333333333333, 0.49333333333333335, 0.4666666666666667, 0.47333333333333333]}}