{"jailbreakbench": {"string": [0.0, 0.0, 0.0, 0.0, 0.0, 0.0], "safe": [0.16, 0.12, 0.08, 0.11, 0.13, 0.13]}, "harmbench_test": {"string": [0.0, 0.006289308176100629, 0.0, 0.0, 0.0, 0.0], "harm": [0.39622641509433965, 0.39622641509433965, 0.34591194968553457, 0.34591194968553457, 0.32075471698113206, 0.24528301886792453]}, "strongreject": {"string": [0.0, 0.0, 0.0, 0.0, 0.0, 0.0], "safe": [0.29333333333333333, 0.24666666666666667, 0.26666666666666666, 0.20666666666666667, 0.15333333333333332, 0.2]}}