{"jailbreakbench": {"string": 0.0, "safe": 0.07}, "harmbench_test": {"string": 0.0, "harm": 0.9182389937106918}, "strongreject": {"string": 0.0, "safe": 0.14666666666666667}}